{"cameraMode":{"drawMode":0,"name":"Shaded","section":"Shading Mode"},"sceneLighting":false,"audioPlay":false,"sceneViewState":{"m_AlwaysRefresh":false,"showFog":true,"showSkybox":false,"showFlares":true,"showImageEffects":true,"showParticleSystems":true,"showVisualEffectGraphs":true,"m_FxEnabled":true},"in2DMode":false,"pivot":{"x":-0.9689822196960449,"y":2.1523454189300539,"z":-1.0664026737213135},"rotation":{"x":0.2393510490655899,"y":-0.6057881116867065,"z":0.19794775545597077,"w":0.7324960231781006},"size":1.5390937328338624,"orthographic":true}