{"cameraMode":{"drawMode":0,"name":"Shaded","section":"Shading Mode"},"sceneLighting":false,"audioPlay":false,"sceneViewState":{"m_AlwaysRefresh":false,"showFog":true,"showSkybox":true,"showFlares":true,"showImageEffects":true,"showParticleSystems":true,"showVisualEffectGraphs":true,"m_FxEnabled":false},"in2DMode":false,"pivot":{"x":-1.8637193441390992,"y":1.7711195945739747,"z":0.9285358190536499},"rotation":{"x":0.015495373867452145,"y":0.9653589129447937,"z":-0.05896003544330597,"w":0.2537076771259308},"size":0.7442740201950073,"orthographic":false}