{"cameraMode":{"drawMode":0,"name":"Shaded","section":"Shading Mode"},"sceneLighting":false,"audioPlay":false,"sceneViewState":{"m_AlwaysRefresh":false,"showFog":true,"showSkybox":true,"showFlares":true,"showImageEffects":true,"showParticleSystems":true,"showVisualEffectGraphs":true,"m_FxEnabled":true},"in2DMode":false,"pivot":{"x":-2.9869565963745119,"y":1.455880880355835,"z":5.325844764709473},"rotation":{"x":0.010768101550638676,"y":0.9886288642883301,"z":-0.12204151600599289,"w":0.08722901344299317},"size":0.8353724479675293,"orthographic":false}