{"cameraMode":{"drawMode":0,"name":"Shaded","section":"Shading Mode"},"sceneLighting":false,"audioPlay":false,"sceneViewState":{"m_AlwaysRefresh":false,"showFog":true,"showSkybox":true,"showFlares":true,"showImageEffects":true,"showParticleSystems":true,"showVisualEffectGraphs":true,"m_FxEnabled":false},"in2DMode":false,"pivot":{"x":-1.3270939588546754,"y":1.6085478067398072,"z":3.106656312942505},"rotation":{"x":-0.0007901815697550774,"y":-0.9989559650421143,"z":0.018982483074069024,"w":-0.041582562029361728},"size":1.4462016820907593,"orthographic":true}