{"cameraMode":{"drawMode":0,"name":"Shaded","section":"Shading Mode"},"sceneLighting":false,"audioPlay":false,"sceneViewState":{"m_AlwaysRefresh":false,"showFog":true,"showSkybox":true,"showFlares":true,"showImageEffects":true,"showParticleSystems":true,"showVisualEffectGraphs":true,"m_FxEnabled":true},"in2DMode":false,"pivot":{"x":1.0821096897125245,"y":1.1043410301208497,"z":-2.475337266921997},"rotation":{"x":0.03921087458729744,"y":-0.9540862441062927,"z":0.1440233290195465,"w":0.2597375214099884},"size":3.6651809215545656,"orthographic":true}