{"cameraMode":{"drawMode":0,"name":"Shaded","section":"Shading Mode"},"sceneLighting":true,"audioPlay":false,"sceneViewState":{"m_AlwaysRefresh":false,"showFog":true,"showSkybox":true,"showFlares":true,"showImageEffects":true,"showParticleSystems":true,"showVisualEffectGraphs":true,"m_FxEnabled":true},"in2DMode":false,"pivot":{"x":-1.5357153415679932,"y":0.04782450199127197,"z":0.05861508846282959},"rotation":{"x":-0.002423633821308613,"y":0.9877374172210693,"z":0.015409908257424832,"w":0.15534931421279908},"size":0.8301094174385071,"orthographic":false}